"key","ratings_avg","ratings_std","hygiene_avg","hygiene_std","r_value","std_err","len(val)"
"Home & Garden",3.9895454545454534,0.7719837331819372,4.636363636363637,0.6568142497523072,0.03911786610577942,0.0818069129596668,110
"Community Service/Non-Profit",4.263020833333335,0.7171356795609221,4.6875,0.564810071321915,-0.03753115299658599,0.08117664318698402,96
"Italian",3.8379830229317125,0.6844624715188246,4.288103382744204,1.091694507154675,-0.05053943049960879,0.031067108670072313,2631
"Used, Vintage & Consignment",4.6125,0.37811208655635437,4.0,1.0,0.3085504822900668,0.7955269923412271,12
"Public Transportation",3.472727272727272,0.7309283127277992,4.181818181818182,1.3360853142453697,-0.08801141306015861,0.6069453355875529,11
"Bed & Breakfast",4.166666666666663,0.886977672030702,4.523297491039426,0.8178093088373019,0.2082297449646395,0.03824514565192894,558
"Antiques",3.9961538461538457,0.8782547244090098,4.230769230769231,1.1200169060431568,-0.19459985286029202,0.3771593005583606,13
"Kosher",3.457142857142857,1.0192534282603165,3.9047619047619047,1.191428190780648,-0.038652866186285856,0.26796879317949346,21
"Playgrounds",4.0613636363636365,0.6320838225090767,4.363636363636363,0.77138921583987,0.23856943112227869,0.26500814535792877,22
"Cuban",3.9035714285714285,0.49622297901040335,4.0,1.1952286093343936,-0.018064892093237812,0.6952045564481487,14
"Caterers",4.217194092827007,0.6823431667485391,4.158227848101266,1.1336183354038183,0.02362066169491683,0.13297822381076868,158
"Tours",4.1230769230769235,0.5191025482708611,4.846153846153846,0.36080121229411,0.26538198152718606,0.20205057740919227,13
"Bagels",3.8711805555555547,0.5610396638712172,4.166666666666667,1.2638125740085917,-0.1974312488070139,0.32559416046742296,48
"Mediterranean",4.089790764790766,0.599347111103099,4.1103896103896105,1.1465836039111394,0.014028928952855516,0.08918784158246325,462
"Cultural Center",4.33030303030303,0.6478331474697124,4.757575757575758,0.49422746758485114,-0.1379517304324229,0.135709602479822,33
"Korean",3.9365296803652963,0.4566909763739809,3.328767123287671,1.4435002599802182,0.18992488360048632,0.36828809524030987,73
"Health Markets",4.068739635157545,0.7880077272479057,4.487562189054726,0.8470578447787248,-0.009961488572415564,0.07619640922923894,201
"Drugstores",3.754059829059828,0.7809665367115409,4.85042735042735,0.5301384969219091,-0.044982152269805425,0.044521840048351725,234
"Furniture Stores",3.8923913043478255,0.8995752253210078,4.456521739130435,0.925637776349729,-0.23079508540442117,0.1509354131068018,46
"Patisserie/Cake Shop",4.033720930232557,0.7435162319925127,4.24031007751938,1.1016210310719354,-0.09412557403723806,0.09219117831257906,258
"Local Flavor",4.123170731707317,0.6099377778117236,4.304878048780488,1.0322722318931459,0.06722447401297982,0.1887905178306656,82
"Music Venues",3.9599625468164796,0.599512389125206,4.285393258426966,0.9537095595617646,0.042845862645324716,0.07551219803763111,445
"Burgers",3.5849288735101936,0.8090774119684595,4.433679354094579,1.0171179418173815,-0.13420167751464687,0.04235714674947899,867
"Check Cashing/Pay-day Loans",3.641304347826087,0.8419248357849596,4.217391304347826,1.1404240911829566,0.06989288654925213,0.2948628424596775,23
"Pet Stores",4.021875,1.0517795559788181,4.5,0.7071067811865476,-0.38867090118806735,0.16555163002479706,16
"Greek",4.059037037037038,0.62419117925351,4.155555555555556,1.106657742043443,-0.0011771985347572157,0.11872521563508748,225
"Juice Bars & Smoothies",3.9699763593380615,0.7335702923044252,4.24822695035461,1.0116767092784005,0.031544250946157974,0.11691667037869442,141
"Diners",3.8478991596638656,0.657995266961573,4.361344537815126,0.9935175810294966,0.018514780531903845,0.1395678556332191,119
"Delicatessen",4.2586908690869105,0.7709342235054808,4.178217821782178,1.0055559151177316,0.10840789133431705,0.07473749964698273,303
"Day Spas",3.981034482758621,0.6926229248677225,4.689655172413793,0.5932638115201813,-0.005932163954129332,0.1648395695917729,29
"Fashion",3.860869565217391,0.7799744312614035,4.869565217391305,0.4476360930863913,-0.1765047776136366,0.08516198620386557,46
"Chinese",3.8236251105216605,0.7773306343897665,3.6217506631299736,1.2756250296798484,0.10106007384413143,0.037623823726856576,1885
"Men's Clothing",3.8766666666666665,0.7323174782079757,4.7,0.6403124237432849,-0.10023203087718605,0.1644072327970651,30
"Ethiopian",4.3293103448275865,0.5328060463212039,3.793103448275862,1.2697898372084118,-0.10571549420918534,0.4560793100618285,29
"Bowling",3.790659340659341,0.5495208746203563,4.417582417582418,0.9841148649335434,-0.06898829765507677,0.18937848560389228,91
"American (New)",3.7295787545787564,0.7498287998908162,4.285714285714286,1.0616772370781924,0.03758294974170807,0.10545986323894706,182
"Persian/Iranian",4.077702702702703,0.5844216169248291,3.189189189189189,1.3322981128504041,0.08293962568206205,0.26773797832901214,74
"Taxis",3.842307692307692,1.3370239848614067,3.8461538461538463,1.3499945211372495,0.024914701229106308,0.3043418182255909,13
"Pool Halls",3.6366071428571436,0.9532599645159654,4.375,0.8976656233969147,0.25524477955311764,0.1239017242987794,56
"Food",3.983383084577113,0.881844232989113,4.173134328358209,1.084432871872521,0.08416691960395117,0.06714982991108394,335
"Sporting Goods",3.7083333333333335,0.9886508764753894,4.5,0.6454972243679028,0.09793607223651281,0.20547481994336642,12
"Castles",4.290909090909091,0.5397045411477813,4.7272727272727275,0.44536177141512334,0.00859578670403916,0.2750550123957397,11
"Meat Shops",4.362942061700528,0.7395984155655427,4.4401805869074495,0.8852500705894704,0.052036596817050494,0.056919609613723374,443
"Public Services & Government",3.7750000000000004,1.3588444846020216,4.583333333333333,0.6400954789890507,-0.08383247560634907,0.14843746549855577,12
"Cheese Shops",4.482142857142857,0.44817373180224546,4.542857142857143,0.7306692487168241,0.15611492405853558,0.19528196307716747,70
"Department Stores",3.8282167042889395,0.6804630796014216,4.851015801354402,0.5378811429152506,-0.004549709943400771,0.03764072354185954,443
"Casinos",3.8500000000000005,0.6519202405202649,4.523809523809524,0.9571310115353231,0.12210538999873968,0.3343013557511171,21
"Arabian",4.317777777777779,0.47408651604043545,3.7333333333333334,1.2892719737209144,-0.21220237107384685,0.7370724215414006,15
"Pubs",3.7792306361096792,0.786901590426837,4.2869539420010385,0.9920239354079659,-0.013937383883346217,0.010856716276405776,13483
"Pakistani",3.9612667171334865,0.6865305473049778,3.6790310370931114,1.280467942866263,0.039692704663734424,0.05131496756881736,1321
"Street Vendors",4.172685185185185,0.7043203621198031,3.7777777777777777,1.416394309331329,0.2570481512559074,0.33329650624893253,36
"Chicken Shop",3.776119402985074,0.6075275715995996,4.268656716417911,0.970952595062125,0.2638999279608277,0.1912053900143494,67
"Vacation Rentals",4.075641025641025,0.8433656471111172,4.743589743589744,0.6686361441233486,0.36178187506662773,0.12150983245176636,39
"Tapas Bars",4.098684210526314,0.574769615414145,3.9802631578947367,1.14403714248249,0.09650995501124227,0.16175908020933963,152
"Thai",3.9989247311828002,0.6346750852748636,3.9178885630498534,1.2177823213954184,0.08882901436278472,0.0732898009703151,682
"American (Traditional)",3.4063203463203457,0.7778154342510744,4.590909090909091,0.8828351345820012,-0.09940333478669158,0.040753614612718404,770
"Lebanese",3.9736111111111114,0.6305589206958664,3.8666666666666667,1.2840906856172147,0.24677792883661878,0.25912665941207863,60
"Cards & Stationery",3.9125,0.872406871820712,4.4375,0.998044963916957,-0.17137766141679986,0.3012269325425875,16
"Barbeque",3.831453634085212,0.6098558868596908,4.112781954887218,1.1215867877169114,0.00598928387739588,0.16068014942605507,133
"Elementary Schools",4.40764705882353,0.8324487577359073,4.647058823529412,0.7777173591076898,0.1404585613446767,0.10153093868701751,85
"Sports Clubs",3.9756240822320117,0.8369177184159199,4.436123348017621,0.8900422910960195,-0.011848392176423915,0.07089345386406208,227
"Go Karts",4.181818181818182,0.3785575057028548,4.181818181818182,1.02851895445316,-0.30671733050698885,0.8619958620333319,11
"Retirement Homes",4.260714285714285,1.2669111158681197,4.785714285714286,0.41032590332414504,0.10746894039257436,0.0929543270748522,14
"Afghan",4.030555555555556,0.45647772517423774,3.4444444444444446,1.2120791238484128,0.07084482787202875,0.6621536630980155,18
"Children's Clothing",4.0115384615384615,0.6174245036856565,4.884615384615385,0.423076923076923,0.07871634234028156,0.13943768629654257,26
"Coffee & Tea Supplies",4.418181818181818,0.3880444721893282,4.7272727272727275,0.616575453011388,-0.4732247658310454,0.46658487317139685,11
"Irish Pub",3.934615384615385,0.4691992423204484,4.230769230769231,1.186711432349347,-0.0005313502281253941,0.7625905517526671,13
"Middle Eastern",4.04790528233151,0.5094464496074482,3.5027322404371586,1.3665573071261987,0.10132764047812354,0.1983576630511453,183
"Food Trucks",4.213157894736842,0.5626165622534441,4.2105263157894735,1.195559651747426,0.3362522697497911,0.4853779341159032,19
"Comedy Clubs",3.8666666666666667,0.5553491680129704,3.8095238095238093,1.1799534946060826,0.1465493203946208,0.48217817591767836,21
"Bangladeshi",4.131891025641024,0.59789119519105,3.6346153846153846,1.3377484838029754,0.006754564567538102,0.22153498304022712,104
"Butcher",4.403531073446328,0.7978751551206082,4.4491525423728815,0.9199372764216228,0.06807631535456168,0.061311686228917375,354
"Indian",4.000668299153152,0.6871400822497118,3.6883991429445975,1.2871703729017034,0.0503874012747823,0.032741392456505494,3267
"Gay Bars",3.7404109589041097,0.6346532617261401,4.383561643835616,0.8856564315202528,0.12474336903644838,0.16432135806221237,73
"Botanical Gardens",3.95,1.0264679067736915,4.2727272727272725,1.212878551284212,-0.27382676216044377,0.3788139729729127,11
"Food Delivery Services",3.757460317460316,0.9511729905485676,3.9047619047619047,1.2960781589488763,-0.0591237022073381,0.07688455789595203,315
"Modern European",4.044844444444443,0.5876532848626617,4.216,1.1117601659830536,0.04340542384452122,0.0978646905876884,375
"Soul Food",4.358333333333333,0.3121386800054674,3.8333333333333335,1.3437096247164249,-0.05629416834796008,1.359153785094508,12
"Professional Sports Teams",3.7875,0.790865823006659,4.5625,0.7043392293490403,0.18653356283571093,0.23384327522466714,16
"Libraries",4.108974358974359,0.6531846830045609,4.435897435897436,1.1046491912070777,0.25399507226042295,0.2689095883175906,39
"Sandwiches",3.8615464529533967,0.7063604185936572,4.397150489759572,0.9828769452745842,0.02310872482089191,0.041548370547792944,1123
"Arts & Crafts",4.2683333333333335,0.8074118458933389,4.4,0.8406346808612327,-0.13849223807527605,0.19486229131286428,30
"Party & Event Planning",4.296666666666666,0.7435201558950653,4.6,0.6110100926607787,0.11446223282216998,0.22642281396146793,15
"Champagne Bars",3.894000000000001,0.536902225735748,4.68,0.6144916598294886,-0.2422391188481591,0.23153975094813772,25
"Belgian",3.8005555555555555,0.40778269751800617,4.466666666666667,0.92135166407235,0.06289305567597185,0.42614458805419164,30
"Newspapers & Magazines",3.8139931740614332,1.0075442858792927,4.225255972696246,0.9548387741648469,0.03840822913013899,0.05551352912603,293
"Coffee & Tea",3.9278116673678327,0.7598166051513011,4.335506941522928,1.0156398378569527,0.0062212666966816954,0.01939029098009066,4754
"Breakfast & Brunch",3.981026785714285,0.6418224241050735,4.203125,1.0871773176852457,0.011921066921567202,0.056648168821417155,896
"Middle Schools & High Schools",4.104054054054054,0.9531865744579117,4.783783783783784,0.7027027027027026,0.19297345752516248,0.12226973892020064,37
"Physical Therapy",4.2,0.6625707509390978,4.6,0.7999999999999999,-0.044020456117821585,0.3345529428489404,15
"Gyms",3.7801526717557246,0.8860815056791346,4.549618320610687,0.7932322557566304,-0.0474716923468196,0.07873030462289532,131
"Climbing",4.253571428571429,0.5485253886930087,4.357142857142857,0.9715336077668172,-0.03590216462542955,0.5109641092439697,14
"Soup",3.919230769230769,0.5266141711035704,4.538461538461538,0.8426500884694863,-0.14034456134737974,0.3233920679702828,26
"Museums",4.103760162601625,0.6337779948957408,4.652439024390244,0.7374520422201418,0.052806759444267104,0.09129200525287963,164
"Health & Medical",4.113414634146341,0.9873606348242147,4.682926829268292,0.6416071433154101,0.21461917118342305,0.10162985184279028,41
"Education",4.177991452991453,0.955559879697569,4.752136752136752,0.5833294198547541,-0.0028865056116145833,0.040078381187231095,234
"Print Media",3.998351648351649,0.9775769144145049,4.263736263736264,0.9415344599293177,0.007337296196628226,0.07178560078615732,182
"Art Schools",4.15483870967742,0.536469167365487,4.548387096774194,0.7111421833886648,0.09451019163815434,0.24505544873328347,31
"Child Care & Day Care",4.300561797752809,0.9076297809210239,4.752808988764045,0.6231651516342493,-0.010680461835536103,0.0736054586657044,89
"Tennis",4.25,0.6030017505041848,4.888888888888889,0.3142696805273545,0.14658058218639453,0.12888651213188318,18
"Nurseries & Gardening",4.000314465408804,0.7765529552493348,4.666666666666667,0.7152135333750691,-0.034915362331501325,0.07345983334680367,159
"Chicken Wings",3.457758620689655,0.8605593583065486,4.232758620689655,1.2754834014024918,-0.10125912156326924,0.13810314250152328,116
"Music & DVDs",4.202777777777778,0.27561659270232536,4.5,1.0671873729054748,-0.10860487051413402,0.9622742107456357,18
"Lounges",3.778935185185185,0.5605974435737525,4.111111111111111,1.0914934835771388,0.03396353172044554,0.13301864482861556,216
"Steakhouses",3.880944055944054,0.6263548813809174,4.283216783216783,1.0310891799747397,0.04760807189538385,0.09757169826514958,286
"Spanish",3.998520249221182,0.5860587346434306,4.065420560747664,1.0831852305535767,0.06443938233760402,0.1266747597445044,214
"Adult Entertainment",3.4666666666666663,0.9285592184789413,4.466666666666667,0.8844332774281067,-0.362591487340311,0.24619291928496634,15
"Mexican",3.772352285395764,0.6448429069117285,4.2842809364548495,1.0676704243920645,0.04282968097583082,0.09598566189688588,299
"Grocery",3.7385386819484228,0.7386404714852364,4.604584527220631,0.878642911576892,0.009205261230127087,0.026006389858210147,2094
"Latin American",4.112068965517241,0.4435661075820397,4.0344827586206895,1.2171974203257097,-0.09816936414494043,0.36492684232905626,58
"Brasseries",3.926732673267327,0.5275369799076471,4.376237623762377,0.9935583132120477,-0.12875136553963956,0.18771244003813636,101
"Tea Rooms",4.166342412451365,0.6911935255466477,4.36964980544747,0.9781330356042726,-0.017280508793714254,0.08860603891961834,257
"Wineries",3.9342105263157894,1.1720486598012168,4.473684210526316,0.7517293082676685,-0.2155227559462558,0.1519018633932518,19
"Farmers Market",4.241193181818179,0.7675553334799468,4.448863636363637,0.8579169166943926,-0.008665211383239045,0.08473144409269381,176
"Bikes",4.575,0.47878608074077417,4.222222222222222,1.1331154474650633,-0.13312363596973273,0.5863944928786557,18
"Campgrounds",3.996774193548386,0.9285729151169905,4.629032258064516,0.7236527185217598,0.22264542666655598,0.09808405308174203,62
"Toy Stores",3.9025,0.6048708539845511,4.75,0.4330127018922193,-0.4748646046171949,0.1484955528546516,20
"Internet Cafes",4.199999999999999,0.8406728074767075,4.615384615384615,0.6249260311258432,0.04026555839354229,0.15161551480099983,26
"Churches",4.139795918367346,0.7339423594003249,4.428571428571429,1.0879675865519869,0.4489071291951575,0.19321362346292092,49
"Food Stands",3.9266666666666667,0.7159764117778058,4.333333333333333,1.0110500592068734,-0.06293177392557531,0.39087740747083577,15
"Home Decor",4.088636363636364,0.5432293626967045,4.704545454545454,0.6244832574560949,0.013551289330453712,0.17736708873243226,44
"Gastropubs",3.9027912621359224,0.5589068952818105,4.133495145631068,1.0812364449908425,0.02006812716915244,0.09552164891601946,412
"Cocktail Bars",3.916708542713567,0.5686210002357941,4.123115577889447,1.1374918815585457,0.03100404444924834,0.10047753787238829,398
"Stadiums & Arenas",3.9684210526315793,0.7519350230272774,4.5964912280701755,0.7691336918169465,0.1751443054410743,0.1357921818480368,57
"Vegan",4.26934865900383,0.4518294977529784,3.735632183908046,1.3684437852710478,0.21772014698447223,0.3206252615326282,87
"Horseback Riding",4.1066666666666665,0.5473775865179558,4.533333333333333,0.618241233033047,-0.2567552110342108,0.3027544699169405,15
"Caribbean",4.0134920634920634,0.7489643475175276,3.6095238095238096,1.2535301625731732,0.0128814337800182,0.16489937016025594,105
"Szechuan",3.7355555555555555,0.6424451746796265,3.8,1.3759844960366863,0.0394673099726316,0.5935636348216994,15
"Hookah Bars",3.8833333333333333,0.7178207761458753,3.04,1.7083325203250097,-0.1272143683546124,0.49220896341140863,25
"Falafel",4.234259259259258,0.5735279660542847,3.888888888888889,1.3286956381223776,0.6064477286142238,0.46051674827600714,18
"Organic Stores",4.291176470588235,0.6172127324459741,4.1568627450980395,1.1777770523671534,0.24466244494436046,0.264317856549728,51
"Active Life",4.255434782608696,0.6409256435260651,4.434782608695652,1.0140785904078782,0.15858450110311642,0.23550858246984518,46
"Ice Cream & Frozen Yogurt",4.232877604166665,0.6490334097438316,4.4296875,0.9115885323673999,0.1452510831095587,0.08719359355885346,256
"Scandinavian",4.199999999999999,0.3958114029012639,4.2,1.0456258094238748,0.507404948778221,0.631358900592511,15
"Post Offices",3.962328767123288,0.8993445414527993,4.472602739726027,0.8455783906812038,-0.008112226395794665,0.07834877960623686,146
"Cinema",3.806250000000001,0.6667742898680424,4.689516129032258,0.6257019990980837,-0.04029097549859783,0.059781712039860456,248
"Venues & Event Spaces",3.8916061339790167,0.6731780703409659,4.4576271186440675,0.8999710441619521,0.0354490014920175,0.0659029143191948,413
"German",4.1499999999999995,0.43429380735984613,3.611111111111111,1.296957503325417,0.2761697733039394,0.7175541861593345,18
"Landmarks & Historical Buildings",4.123291925465842,0.6713995546502033,4.614906832298137,0.7885997638809381,0.16709806756442883,0.09183910474613567,161
"Specialty Food",4.251744186046511,0.5146373567647669,4.174418604651163,1.1329305533542795,-0.0164764097094275,0.2401614964116283,86
"Irish",3.944897959183674,0.7390178878533751,4.3061224489795915,0.9939425030110954,0.02713148526932448,0.19610897872929242,49
"Fish & Chips",3.9270778652668445,0.8855185426614679,4.26334208223972,1.0954986373483353,0.08433202966111508,0.025793856948289246,2286
"Arts & Entertainment",4.077037037037038,0.7676747711002448,4.644444444444445,0.626177902382461,0.08780044821846303,0.0704553850534366,135
"African",3.9787037037037036,0.6953284496906807,3.1666666666666665,1.5122952876462443,-0.007191085893008298,0.30160163990993705,54
"Amusement Parks",3.9754385964912275,0.6894647559798696,4.56140350877193,0.8587535614400293,-0.05523299651902949,0.16769174170651405,57
"Social Clubs",3.912606837606838,1.0090169890392189,4.443589743589744,0.8324492351642683,0.07337289198337385,0.04177064959851037,390
"Religious Organizations",4.5294326241134755,0.6093461671091855,4.680851063829787,0.5499084248221313,0.13068507171282356,0.13337653500117685,47
"Mass Media",4.222727272727273,0.45843787938628977,4.818181818181818,0.385694607919935,0.22902698050965953,0.2729870945136941,11
"Vegetarian",4.146918767507004,0.5662915482190147,4.121848739495798,1.1907669771735285,0.050404593374135886,0.13670308309483145,238
"Dive Bars",3.554878048780487,0.9109633655754675,3.902439024390244,1.3399104092507679,-0.12050135034690702,0.2338117465006868,41
"Sports Bars",3.643333333333333,0.7169844256792937,4.1,1.2476644848141933,-0.05204319834975276,0.18524982857857225,90
"Beer, Wine & Spirits",3.9391618497109833,0.8741831148640091,4.367052023121388,0.9440785841317121,0.08554085913783586,0.05801385847042408,346
"Imported Food",4.00329861111111,0.6535808585088628,3.8020833333333335,1.2043306549236752,-0.03644572067030336,0.18993012905666415,96
"Karaoke",3.4810185185185185,0.751625325070074,3.861111111111111,1.5120401555840923,0.1443309537136186,0.34139031429642286,36
"Office Equipment",4.103846153846154,0.497092136043185,4.461538461538462,0.9294650748918902,-0.21195385760250954,0.5509582705303724,13
"Hotels & Travel",4.015841584158416,0.9514951936911149,4.475247524752476,0.8276659225349053,0.13376497583449326,0.08663836866446399,101
"Restaurants",3.9397568067671194,0.8184037602833635,4.164948453608248,1.1135709332386832,0.04092416097965051,0.0383154053889573,1261
"Skating Rinks",4.0,0.4320493798938573,4.5,0.6454972243679028,-0.2091650066335188,0.46200504403554493,12
"Golf",4.05486111111111,0.7000244566935757,4.412037037037037,0.9630408622337692,0.08596092935126896,0.09369449941934894,216
"Nightlife",4.019607843137256,0.749645565360041,4.431372549019608,0.798402865549111,0.008800394719060307,0.15214274678780046,51
"Herbs & Spices",4.607692307692308,0.3832282679101892,4.153846153846154,1.2307692307692306,-0.11667077354538159,0.9617155236071336,13
"Car Dealers",3.433333333333333,1.0110500592068732,4.2,1.0456258094238748,-0.4761093815082069,0.2522385959599411,15
"Turkish",4.074328358208954,0.572949661895754,3.8149253731343284,1.2819357717097375,0.028686406870425594,0.12256004620954979,335
"Breweries",4.167901234567901,0.6441238973859462,4.419753086419753,0.8870007381079534,0.1932079857350338,0.15201270760694804,81
"Travel Services",3.85,1.4091959882618645,4.5,1.1902380714238083,-0.14408259310651064,0.2643060217540871,12
"Sushi Bars",3.8702196382428946,0.5460918181909814,4.046511627906977,1.1966391250503328,0.09682306735570839,0.13631142320433753,258
"Convenience Stores",3.613434903047092,0.9873294806598835,4.096952908587258,1.1881299445327596,0.030650250580635332,0.04482615580915671,722
"Salad",3.8070570570570563,0.7245292888753263,4.297297297297297,1.0275010759915857,-0.002011463615440817,0.13583516399170886,111
"Discount Store",3.75,0.7911955119717573,4.521739130434782,0.7666105017645328,-0.010752385923006619,0.06766886809761394,207
"Kitchen & Bath",4.063043478260869,0.538963859259507,4.608695652173913,1.0103434816193262,-0.19023752995378315,0.40160156339010555,23
"Japanese",3.853521126760564,0.541945482026812,4.038229376257545,1.2038449817742616,-0.008584584726894114,0.09983811297769314,497
"Milkshake Bars",3.9559139784946233,0.8489245609375574,4.258064516129032,1.2691816498649036,0.01904220444188908,0.2775728174303725,31
"Swimming Pools",3.7872340425531923,0.5442609751340532,4.51063829787234,0.6481509026267157,0.1692644498733586,0.17496470490061497,47
"Tex-Mex",3.8064102564102567,0.7674616408337399,3.9743589743589745,1.3865134189328998,-0.055267570752657216,0.2965529475353066,39
"Noodles",3.8200000000000003,0.466476151587624,3.75,1.2196310917650468,-0.04394222828435276,0.6156630506788896,20
"Cantonese",3.9098039215686278,0.8372078326301666,3.323529411764706,1.3873501664789123,0.22812337559068852,0.28521526254407303,34
"Guest Houses",4.166764705882351,0.906762893283949,4.564705882352941,0.7925692966330439,0.22480657017073322,0.04632590900373565,340
"Florists",4.137878787878788,0.9556078743658646,4.424242424242424,0.8886592908251625,0.09169654387008493,0.16631873384442492,33
"Beaches",4.3136363636363635,0.48808107983804055,4.636363636363637,0.4810456929208346,0.2921557368945907,0.3141950880937547,11
"Bars",3.824866238630288,0.6929605114993271,4.262439807383628,0.9996717691601688,-0.015329120833815536,0.040896648511756326,1246
"Bubble Tea",4.052380952380952,0.6580049555603287,3.9047619047619047,1.1086139739831253,-0.09760713057218316,0.38467651335395914,21
"Hotels",3.788404462184027,0.8280981535597418,4.388701258827141,0.9445648224525466,0.07022815282088796,0.01994347514639393,3257
"Professional Services",3.9948275862068963,0.6322298833857015,4.689655172413793,0.6487892318009235,0.11377975978482509,0.19620823197711046,29
"Candy Stores",4.087291666666667,0.8571036650886131,4.43125,0.9786589996009846,0.11581511765046362,0.09022713381187654,160
"Parking",3.6750000000000003,1.3828993868990305,4.642857142857143,0.6102859818083951,-0.13753123762690525,0.1261843631757935,14
"Outlet Stores",3.8545454545454545,0.7303344643052703,4.636363636363637,0.8813963377120597,-0.36461953486443255,0.3745854574080748,11
"Gift Shops",4.056779661016949,0.9435534003157123,4.610169491525424,0.8440609896941513,0.15761132046988008,0.11700584582599664,59
"Basque",3.8802325581395354,0.6886234613329023,4.209302325581396,0.7642640337281388,0.1779859575398388,0.17056085084123612,43
"Wholesale Stores",3.9020833333333336,0.5609662732484211,4.541666666666667,0.8154327412825385,0.1387202942893621,0.3069168209587863,24
"Asian Fusion",3.9013431013431004,0.6756779762736933,4.003663003663004,1.1936896612237995,0.03738617234541145,0.10724160348898397,273
"Buffets",3.5482558139534888,0.7407004378921267,3.6744186046511627,1.3677503211658244,0.19685465592379117,0.19753422863421544,86
"Colleges & Universities",4.1032,0.6638296166939225,4.744,0.618436738882806,-0.020414256667732975,0.08398381291072203,125
"Fast Food",3.7536351891002973,0.8931245060557689,3.939570119802678,1.2692681653882807,-0.01186122174449133,0.018865406330857662,5676
"Bistros",4.207831325301205,0.6446714829635606,4.240963855421687,1.0595561863094292,0.029868417556303564,0.1282832043379846,166
"Train Stations",3.400943396226415,0.9442722347923751,4.471698113207547,0.902904612377766,0.034886357223960385,0.13381201847941268,53
"Recreation Centers",4.259375,0.8208643976778381,4.1875,1.0734727523323542,-0.1296652076309692,0.3465561711052283,16
"Creperies",4.075,0.6740734381356382,3.8863636363636362,1.1523870303715653,0.05485838519823166,0.2633977283536407,44
"Tobacco Shops",3.426388888888889,0.813555819220571,4.722222222222222,0.5583264233956049,0.19959852492168617,0.11532760392423373,36
"Wine Bars",3.968211068211069,0.6512649606514263,4.264478764478764,1.0478571711323323,-0.006963457406400224,0.07082865527056877,518
"Seafood Markets",4.395505617977528,0.6124935427056182,4.213483146067416,1.0649883695346325,0.1685551000967273,0.18374903148862404,89
"Cupcakes",4.322727272727273,0.4386775769616286,4.636363636363637,0.8813963377120598,-0.2548920791112555,0.43443377989073123,22
"Art Galleries",4.166990291262137,0.54365507867207,4.475728155339806,0.8795923613907669,0.1292781637603865,0.15963844768655647,103
"Kids Activities",4.03944099378882,0.7359746556256105,4.720496894409938,0.5484159019787358,0.05270382209351457,0.059012581116331994,161
"Hostels",3.6346938775510207,0.7963055050101402,4.346938775510204,0.9158696192782397,0.24373555099850444,0.16270686334388026,49
"Auto Repair",3.7714285714285714,0.9799868109622006,4.523809523809524,0.9571310115353231,-0.16934716534304906,0.22082887798973916,21
"Himalayan/Nepalese",4.34387254901961,0.5163574692437685,3.7794117647058822,1.1484719801864374,0.35812131099753497,0.25561935407096636,68
"Brazilian",3.8977777777777787,0.6425604645613391,3.9555555555555557,1.3158107860522188,0.09975976006032065,0.3107229538345498,45
"Hardware Stores",3.9741935483870967,0.7253331790312215,4.612903225806452,0.6052149367514102,0.2932237409226861,0.14813268879130373,31
"Polish",4.1483870967741945,0.6626539834400685,4.129032258064516,1.1843586935926338,-0.17442044873844345,0.3268050103725037,31
"Trainers",4.102777777777778,0.7614810536459383,4.388888888888889,1.0076865081787252,-0.4213320296165314,0.3000328754101308,18
"Beer Gardens",3.816666666666667,0.5720334100576837,4.266666666666667,1.1234866364235143,0.31465857587103246,0.5170527123785176,15
"Cafes",4.0301664145234355,0.768359565652505,4.265960665658094,1.0496336908599884,0.06821826964108599,0.023714068446785908,3305
"Halal",3.9002298850574713,0.6635385987695629,3.4275862068965517,1.4371659256122045,0.06341805956778156,0.18075803316102657,145
"Shopping Centers",3.8362745098039217,0.7524520981022547,4.686274509803922,0.8515314019846456,-0.018961260499273762,0.1616388253596381,51
"Bingo Halls",3.565277777777778,0.9333198990435259,4.833333333333333,0.4409585518440984,-0.10517912770488312,0.08057720071120787,36
"Dim Sum",3.8263440860215066,0.5266512552792855,3.435483870967742,1.409884092032271,0.2314571333256672,0.33622372769783115,62
"Wedding Planning",4.333783783783784,0.8019447691144368,4.756756756756757,0.5405405405405405,0.047014088943228186,0.11380708335057464,37
"Preschools",4.2635922330097085,0.970916746622342,4.737864077669903,0.6677184024873553,0.02346679304788924,0.06841180560115517,103
"Performing Arts",4.095306122448981,0.6362905960452164,4.579591836734694,0.6989728883932992,0.04420306714451745,0.07040070168632495,245
"Argentine",4.038372093023254,0.3705491225795258,4.255813953488372,0.942362771597898,0.22496518850724917,0.3869927968824552,43
"Moroccan",4.141666666666667,0.4776708536685533,4.16,0.9457272334029511,0.022136316837707476,0.2856999091532008,50
"Bookstores",3.925,0.8660622238097007,4.663265306122449,0.7685644921490019,-0.034109435161263565,0.0905196395546042,98
"Desserts",4.073929663608563,0.6480068249684544,4.252293577981652,1.1027984694724073,0.09233013610523158,0.11530034720135533,218
"Fruits & Veggies",4.175766871165643,0.779360990179076,4.177914110429448,1.1453841501953337,0.08627040036124878,0.11539244799082797,163
"Bakeries",3.969326113116722,0.8012267138829844,4.388447653429603,1.0071997720580779,0.008039703231123747,0.03380142983932398,1385
"Pizza",3.716156369600871,0.7566400359131015,4.210497539639147,1.18121770143998,-0.028968062019063028,0.03650808561381055,1829
"Seafood",4.044333333333335,0.6825627904910748,4.36,1.049528994888236,0.024975733003816288,0.07262352567897357,450
"French",3.996952595936794,0.6013686159085851,4.27313769751693,1.0854572624585659,-0.010655447919383611,0.08594646495181688,443
"Leisure Centers",3.896388888888889,0.6555750350213237,4.583333333333333,0.7293452162347022,0.014862746930028994,0.0833782465012793,180
"Zoos",4.184782608695655,0.5774321183409747,4.63768115942029,0.7415419597371613,0.14789465130708793,0.15516546026399172,69
"Adult Education",3.9318181818181817,0.8209674800537382,4.818181818181818,0.6492207662311681,0.04070292130243612,0.17668163052963473,22
"Vietnamese",3.8319940476190486,0.6371911732238689,3.392857142857143,1.3716331692622514,-0.06256596292161933,0.20484255979411312,112
"Gas & Service Stations",3.4444915254237287,1.0605959289495943,4.47457627118644,0.9541334200025471,-0.16197562035122293,0.08242462733506717,118
"British",3.875429248075778,0.742452886502236,4.330965068087626,1.0079584226188358,0.014650819223526195,0.023362853426085028,3378
"Chocolatiers & Shops",4.177830940988836,0.8371461578804696,4.636363636363637,0.7588824456615058,0.2177726775889084,0.06149469465578724,209
"Dance Clubs",3.5540976058931864,0.7259438083061847,4.323204419889502,0.8999464116534205,0.13151848852060394,0.06476994225095069,362
"Tapas/Small Plates",4.104237288135593,0.5675391523560754,4.296610169491525,0.9325500125989362,0.07448370247769326,0.15213854626583634,118
"Arcades",3.553225806451613,0.9519873511519898,4.580645161290323,0.8337321279561345,-0.26247199365294466,0.15692657457765463,31
"Gluten-Free",3.834158415841583,0.7042632093001366,4.455445544554456,1.0100951085035126,-0.16800992462865078,0.1420993229269653,101
"Cosmetics & Beauty Supply",3.8189320388349524,0.671656281463833,4.766990291262136,0.6712382919395575,-0.08389127436800703,0.09909125432919114,103
"Malaysian",3.9625000000000004,0.4977363531757824,3.272727272727273,1.4672738537789975,0.17115889454858021,0.44815755608079433,44
"Women's Clothing",3.878431372549019,0.7280281521948944,4.588235294117647,0.9737026680733439,-0.1314672957974633,0.1894062202554693,51
"Parks",4.175142857142856,0.5886515895481393,4.554285714285714,0.898361319973478,0.00120097548552019,0.11602975059408563,175
"Soccer",3.9571428571428564,0.8573957960127914,4.535714285714286,0.8652886742561227,-0.1977149041941882,0.19401445344073007,28
"Portuguese",3.9100502512562816,0.5289941233237887,4.582914572864322,0.9307205549982089,-0.08810755447805689,0.12486567425002187,199
"Accessories",4.1269230769230765,0.46724041934260735,4.6923076923076925,1.0658774200423862,-0.23049810445546895,0.6692923112899166,13
"Peruvian",4.017857142857143,0.2595374614146309,4.285714285714286,0.7953949089757174,-0.24962176125929555,0.8566857375704569,14
"Shopping",3.807692307692307,0.829004536000895,4.576923076923077,0.7929049280033963,0.20169932686089656,0.09275669821403032,104
"Hospitals",3.8788732394366194,0.8427470997117728,4.845070422535211,0.4161489212026523,-0.00029695905072315345,0.041733755710066996,142
"Donuts",3.9980000000000007,0.7019230727081137,4.68,0.8352245207128439,0.5276809366958107,0.21075790196272612,25
"Jazz & Blues",4.0587719298245615,0.30391540552428276,3.973684210526316,1.1118226407514529,0.04611339486964359,0.6090729396609046,38
"Delis",4.180098039215686,0.6283774894563097,4.205882352941177,1.0264944657035193,0.07013864912577052,0.07229916147977965,510
"Hot Dogs",3.865217391304348,0.5626866420032084,3.652173913043478,1.3707724148203866,-0.1030572066148544,0.5287744888909485,23
"Flowers & Gifts",3.948529411764705,0.7839835395666281,4.529411764705882,0.8823529411764706,0.32638740487156603,0.18806184749136484,34
